domain,domain_label,ref,question,expected,difficulty,notes
"M001","Counting and Cardinality","1.1","Count these dots. How many are there?","5","1",""
"M001","Counting and Cardinality","1.2","Count these dots. How many are there?","6","1",""
"M001","Counting and Cardinality","1.3","Count these dots. How many are there?","7","1",""
"M001","Counting and Cardinality","1.4","Count these dots. How many are there?","8","1",""
"M001","Counting and Cardinality","1.5","Count these dots. How many are there?","9","1",""
"M001","Counting and Cardinality","1.6","Count these dots. How many are there?","10","1",""
"M001","Counting and Cardinality","1.7","Count these dots. How many are there?","11","1",""
"M001","Counting and Cardinality","1.8","Count these dots. How many are there?","12","1",""
"M001","Counting and Cardinality","1.9","Count these dots. How many are there?","13","1",""
"M001","Counting and Cardinality","1.10","Count these dots. How many are there?","14","1",""
"M001","Counting and Cardinality","1.11","Count these dots. How many are there?","15","1",""
"M001","Counting and Cardinality","1.12","Count these dots. How many are there?","16","1",""
"M001","Counting and Cardinality","1.13","Count these dots. How many are there?","17","1",""
"M001","Counting and Cardinality","1.14","Count these dots. How many are there?","18","1",""
"M001","Counting and Cardinality","1.15","Count these dots. How many are there?","19","1",""
"M001","Counting and Cardinality","1.16","Count these dots. How many are there?","20","1",""
"M001","Counting and Cardinality","1.17","Count these dots. How many are there?","5","1",""
"M001","Counting and Cardinality","1.18","Count these dots. How many are there?","7","1",""
"M001","Counting and Cardinality","1.19","Count these dots. How many are there?","9","1",""
"M001","Counting and Cardinality","1.20","Count these dots. How many are there?","11","1",""
"M001","Counting and Cardinality","1.21","Count these dots. How many are there?","13","1",""
"M001","Counting and Cardinality","1.22","Count these dots. How many are there?","15","1",""
"M001","Counting and Cardinality","1.23","Count these dots. How many are there?","6","1",""
"M001","Counting and Cardinality","1.24","Count these dots. How many are there?","8","1",""
"M001","Counting and Cardinality","1.25","Count these dots. How many are there?","10","1",""
"M001","Counting and Cardinality","1.26","Count these dots. How many are there?","12","2",""
"M001","Counting and Cardinality","1.27","Count these dots. How many are there?","14","2",""
"M001","Counting and Cardinality","1.28","Count these dots. How many are there?","16","2",""
"M001","Counting and Cardinality","1.29","Count these dots. How many are there?","18","2",""
"M001","Counting and Cardinality","1.30","Count these dots. How many are there?","20","2",""
"M001","Counting and Cardinality","1.31","Count these dots. How many are there?","7","2",""
"M001","Counting and Cardinality","1.32","Count these dots. How many are there?","9","2",""
"M001","Counting and Cardinality","1.33","Count these dots. How many are there?","11","2",""
"M001","Counting and Cardinality","1.34","Count these dots. How many are there?","13","2",""
"M001","Counting and Cardinality","1.35","Count these dots. How many are there?","15","2",""
"M001","Counting and Cardinality","1.36","Count these dots. How many are there?","17","2",""
"M001","Counting and Cardinality","1.37","Count these dots. How many are there?","19","2",""
"M001","Counting and Cardinality","1.38","Count these dots. How many are there?","5","2",""
"M001","Counting and Cardinality","1.39","Count these dots. How many are there?","6","2",""
"M001","Counting and Cardinality","1.40","Count these dots. How many are there?","8","2",""
"M001","Counting and Cardinality","1.41","Count these dots. How many are there?","10","2",""
"M001","Counting and Cardinality","1.42","Count these dots. How many are there?","12","2",""
"M001","Counting and Cardinality","1.43","Count these dots. How many are there?","14","2",""
"M001","Counting and Cardinality","1.44","Count these dots. How many are there?","16","2",""
"M001","Counting and Cardinality","1.45","Count these dots. How many are there?","18","2",""
"M001","Counting and Cardinality","1.46","Count these dots. How many are there?","20","2",""
"M001","Counting and Cardinality","1.47","Count these dots. How many are there?","7","2",""
"M001","Counting and Cardinality","1.48","Count these dots. How many are there?","11","2",""
"M001","Counting and Cardinality","1.49","Count these dots. How many are there?","15","2",""
"M001","Counting and Cardinality","1.50","Count these dots. How many are there?","9","2",""
"M002","Number Sequences","2.1","What number comes next?","4","1",""
"M002","Number Sequences","2.2","What number comes next?","8","1",""
"M002","Number Sequences","2.3","What number comes next?","20","1",""
"M002","Number Sequences","2.4","What number comes next?","40","1",""
"M002","Number Sequences","2.5","Fill in the missing number.","4","1",""
"M002","Number Sequences","2.6","What number comes next?","7","1",""
"M002","Number Sequences","2.7","What number was first?","3","1",""
"M002","Number Sequences","2.8","What number comes next?","10","1",""
"M002","Number Sequences","2.9","What number comes next?","30","1",""
"M002","Number Sequences","2.10","What number comes next?","50","1",""
"M002","Number Sequences","2.11","Fill in the missing number.","8","1",""
"M002","Number Sequences","2.12","What number comes next?","12","1",""
"M002","Number Sequences","2.13","What number was first?","7","1",""
"M002","Number Sequences","2.14","What number comes next?","12","1",""
"M002","Number Sequences","2.15","What number comes next?","25","1",""
"M002","Number Sequences","2.16","What number comes next?","60","1",""
"M002","Number Sequences","2.17","Fill in the missing number.","12","1",""
"M002","Number Sequences","2.18","What number comes next?","17","1",""
"M002","Number Sequences","2.19","What number was first?","1","1",""
"M002","Number Sequences","2.20","What number comes next?","14","1",""
"M002","Number Sequences","2.21","What number comes next?","35","1",""
"M002","Number Sequences","2.22","What number comes next?","70","1",""
"M002","Number Sequences","2.23","Fill in the missing number.","14","1",""
"M002","Number Sequences","2.24","What number comes next?","9","1",""
"M002","Number Sequences","2.25","What number was first?","5","1",""
"M002","Number Sequences","2.26","What number comes next?","16","2",""
"M002","Number Sequences","2.27","What number comes next?","40","2",""
"M002","Number Sequences","2.28","What number comes next?","80","2",""
"M002","Number Sequences","2.29","Fill in the missing number.","17","2",""
"M002","Number Sequences","2.30","What number comes next?","6","2",""
"M002","Number Sequences","2.31","What number was first?","10","2",""
"M002","Number Sequences","2.32","What number comes next?","18","2",""
"M002","Number Sequences","2.33","What number comes next?","45","2",""
"M002","Number Sequences","2.34","What number comes next?","90","2",""
"M002","Number Sequences","2.35","Fill in the missing number.","19","2",""
"M002","Number Sequences","2.36","What number comes next?","3","2",""
"M002","Number Sequences","2.37","What number was first?","13","2",""
"M002","Number Sequences","2.38","What number comes next?","20","2",""
"M002","Number Sequences","2.39","What number comes next?","50","2",""
"M002","Number Sequences","2.40","What number comes next?","100","2",""
"M002","Number Sequences","2.41","Fill in the missing number.","4","2",""
"M002","Number Sequences","2.42","What number comes next?","13","2",""
"M002","Number Sequences","2.43","What number was first?","16","2",""
"M002","Number Sequences","2.44","What number comes next?","22","2",""
"M002","Number Sequences","2.45","What number comes next?","55","2",""
"M002","Number Sequences","2.46","Fill in the missing number.","2","2",""
"M002","Number Sequences","2.47","Fill in the missing number.","6","2",""
"M002","Number Sequences","2.48","What number was first?","18","2",""
"M002","Number Sequences","2.49","What number comes next?","15","2",""
"M002","Number Sequences","2.50","What number comes next?","24","2",""
"M003","Place Value","3.1","How many tens? How many ones? Fill in both boxes.","2,3","2",""
"M003","Place Value","3.2","How many tens? How many ones? Fill in both boxes.","3,4","2",""
"M003","Place Value","3.3","How many tens? How many ones? Fill in both boxes.","4,7","2",""
"M003","Place Value","3.4","How many tens? How many ones? Fill in both boxes.","5,2","2",""
"M003","Place Value","3.5","How many tens? How many ones? Fill in both boxes.","6,1","2",""
"M003","Place Value","3.6","How many tens? How many ones? Fill in both boxes.","7,3","2",""
"M003","Place Value","3.7","How many tens? How many ones? Fill in both boxes.","8,4","2",""
"M003","Place Value","3.8","How many tens? How many ones? Fill in both boxes.","9,6","2",""
"M003","Place Value","3.9","How many tens? How many ones? Fill in both boxes.","2,8","2",""
"M003","Place Value","3.10","How many tens? How many ones? Fill in both boxes.","3,9","2",""
"M003","Place Value","3.11","How many tens? How many ones? Fill in both boxes.","4,5","2",""
"M003","Place Value","3.12","How many tens? How many ones? Fill in both boxes.","5,8","2",""
"M003","Place Value","3.13","How many tens? How many ones? Fill in both boxes.","6,2","2",""
"M003","Place Value","3.14","How many tens? How many ones? Fill in both boxes.","7,5","2",""
"M003","Place Value","3.15","How many tens? How many ones? Fill in both boxes.","8,3","2",""
"M003","Place Value","3.16","How many tens? How many ones? Fill in both boxes.","9,1","2",""
"M003","Place Value","3.17","How many tens? How many ones? Fill in both boxes.","2,7","2",""
"M003","Place Value","3.18","How many tens? How many ones? Fill in both boxes.","3,6","2",""
"M003","Place Value","3.19","How many tens? How many ones? Fill in both boxes.","4,9","2",""
"M003","Place Value","3.20","How many tens? How many ones? Fill in both boxes.","5,4","2",""
"M003","Place Value","3.21","How many tens? How many ones? Fill in both boxes.","6,8","2",""
"M003","Place Value","3.22","How many tens? How many ones? Fill in both boxes.","7,2","2",""
"M003","Place Value","3.23","How many tens? How many ones? Fill in both boxes.","8,6","2",""
"M003","Place Value","3.24","How many tens? How many ones? Fill in both boxes.","9,3","2",""
"M003","Place Value","3.25","How many tens? How many ones? Fill in both boxes.","2,1","2",""
"M003","Place Value","3.26","How many tens? How many ones? Fill in both boxes.","3,5","3",""
"M003","Place Value","3.27","How many tens? How many ones? Fill in both boxes.","4,6","3",""
"M003","Place Value","3.28","How many tens? How many ones? Fill in both boxes.","5,7","3",""
"M003","Place Value","3.29","How many tens? How many ones? Fill in both boxes.","6,3","3",""
"M003","Place Value","3.30","How many tens? How many ones? Fill in both boxes.","7,4","3",""
"M003","Place Value","3.31","How many tens? How many ones? Fill in both boxes.","8,5","3",""
"M003","Place Value","3.32","How many tens? How many ones? Fill in both boxes.","9,2","3",""
"M003","Place Value","3.33","How many tens? How many ones? Fill in both boxes.","2,4","3",""
"M003","Place Value","3.34","How many tens? How many ones? Fill in both boxes.","3,7","3",""
"M003","Place Value","3.35","How many tens? How many ones? Fill in both boxes.","4,8","3",""
"M003","Place Value","3.36","How many tens? How many ones? Fill in both boxes.","5,3","3",""
"M003","Place Value","3.37","How many tens? How many ones? Fill in both boxes.","6,7","3",""
"M003","Place Value","3.38","How many tens? How many ones? Fill in both boxes.","7,1","3",""
"M003","Place Value","3.39","How many tens? How many ones? Fill in both boxes.","8,2","3",""
"M003","Place Value","3.40","How many tens? How many ones? Fill in both boxes.","9,4","3",""
"M003","Place Value","3.41","How many tens? How many ones? Fill in both boxes.","2,6","3",""
"M003","Place Value","3.42","How many tens? How many ones? Fill in both boxes.","3,8","3",""
"M003","Place Value","3.43","How many tens? How many ones? Fill in both boxes.","4,4","3",""
"M003","Place Value","3.44","How many tens? How many ones? Fill in both boxes.","5,9","3",""
"M003","Place Value","3.45","How many tens? How many ones? Fill in both boxes.","6,4","3",""
"M003","Place Value","3.46","How many tens? How many ones? Fill in both boxes.","7,6","3",""
"M003","Place Value","3.47","How many tens? How many ones? Fill in both boxes.","8,7","3",""
"M003","Place Value","3.48","How many tens? How many ones? Fill in both boxes.","9,5","3",""
"M003","Place Value","3.49","How many tens? How many ones? Fill in both boxes.","2,2","3",""
"M003","Place Value","3.50","How many tens? How many ones? Fill in both boxes.","6,9","3",""
"M004","Addition","4.1","Work this out. Type the answer.","5","1",""
"M004","Addition","4.2","Work this out. Type the answer.","6","1",""
"M004","Addition","4.3","Work this out. Type the answer.","7","1",""
"M004","Addition","4.4","Work this out. Type the answer.","8","1",""
"M004","Addition","4.5","Work this out. Type the answer.","9","1",""
"M004","Addition","4.6","Work this out. Type the answer.","10","1",""
"M004","Addition","4.7","Work this out. Type the answer.","11","1",""
"M004","Addition","4.8","Work this out. Type the answer.","12","1",""
"M004","Addition","4.9","Work this out. Type the answer.","7","1",""
"M004","Addition","4.10","Work this out. Type the answer.","8","1",""
"M004","Addition","4.11","Work this out. Type the answer.","9","1",""
"M004","Addition","4.12","Work this out. Type the answer.","10","1",""
"M004","Addition","4.13","Work this out. Type the answer.","11","1",""
"M004","Addition","4.14","Work this out. Type the answer.","12","2",""
"M004","Addition","4.15","Work this out. Type the answer.","9","2",""
"M004","Addition","4.16","Work this out. Type the answer.","10","2",""
"M004","Addition","4.17","Work this out. Type the answer.","11","2",""
"M004","Addition","4.18","Work this out. Type the answer.","12","2",""
"M004","Addition","4.19","Work this out. Type the answer.","11","2",""
"M004","Addition","4.20","Work this out. Type the answer.","12","2",""
"M004","Addition","4.21","Work this out. Type the answer.","13","2",""
"M004","Addition","4.22","Work this out. Type the answer.","13","2",""
"M004","Addition","4.23","Work this out. Type the answer.","14","2",""
"M004","Addition","4.24","Work this out. Type the answer.","15","2",""
"M004","Addition","4.25","Work this out. Type the answer.","16","2",""
"M004","Addition","4.26","Work this out. Type the answer.","17","2",""
"M004","Addition","4.27","Work this out. Type the answer.","13","2",""
"M004","Addition","4.28","Work this out. Type the answer.","14","2",""
"M004","Addition","4.29","Work this out. Type the answer.","15","2",""
"M004","Addition","4.30","Work this out. Type the answer.","16","2",""
"M004","Addition","4.31","Work this out. Type the answer.","17","2",""
"M004","Addition","4.32","Work this out. Type the answer.","18","2",""
"M004","Addition","4.33","Work this out. Type the answer.","19","2",""
"M004","Addition","4.34","Work this out. Type the answer.","8","2",""
"M004","Addition","4.35","Work this out. Type the answer.","10","2",""
"M004","Addition","4.36","Work this out. Type the answer.","12","2",""
"M004","Addition","4.37","Work this out. Type the answer.","13","2",""
"M004","Addition","4.38","Work this out. Type the answer.","14","3",""
"M004","Addition","4.39","Work this out. Type the answer.","15","3",""
"M004","Addition","4.40","Work this out. Type the answer.","14","3",""
"M004","Addition","4.41","Work this out. Type the answer.","15","3",""
"M004","Addition","4.42","Work this out. Type the answer.","16","3",""
"M004","Addition","4.43","Work this out. Type the answer.","15","3",""
"M004","Addition","4.44","Work this out. Type the answer.","16","3",""
"M004","Addition","4.45","Work this out. Type the answer.","16","3",""
"M004","Addition","4.46","Work this out. Type the answer.","13","3",""
"M004","Addition","4.47","Work this out. Type the answer.","14","3",""
"M004","Addition","4.48","Work this out. Type the answer.","15","3",""
"M004","Addition","4.49","Work this out. Type the answer.","16","3",""
"M004","Addition","4.50","Work this out. Type the answer.","17","3",""
"M005","Subtraction","5.1","Work this out. Type the answer.","3","1",""
"M005","Subtraction","5.2","Work this out. Type the answer.","4","1",""
"M005","Subtraction","5.3","Work this out. Type the answer.","5","1",""
"M005","Subtraction","5.4","Work this out. Type the answer.","6","1",""
"M005","Subtraction","5.5","Work this out. Type the answer.","7","1",""
"M005","Subtraction","5.6","Work this out. Type the answer.","8","1",""
"M005","Subtraction","5.7","Work this out. Type the answer.","9","1",""
"M005","Subtraction","5.8","Work this out. Type the answer.","10","1",""
"M005","Subtraction","5.9","Work this out. Type the answer.","3","1",""
"M005","Subtraction","5.10","Work this out. Type the answer.","4","1",""
"M005","Subtraction","5.11","Work this out. Type the answer.","5","1",""
"M005","Subtraction","5.12","Work this out. Type the answer.","6","1",""
"M005","Subtraction","5.13","Work this out. Type the answer.","7","1",""
"M005","Subtraction","5.14","Work this out. Type the answer.","8","2",""
"M005","Subtraction","5.15","Work this out. Type the answer.","4","2",""
"M005","Subtraction","5.16","Work this out. Type the answer.","5","2",""
"M005","Subtraction","5.17","Work this out. Type the answer.","6","2",""
"M005","Subtraction","5.18","Work this out. Type the answer.","7","2",""
"M005","Subtraction","5.19","Work this out. Type the answer.","8","2",""
"M005","Subtraction","5.20","Work this out. Type the answer.","5","2",""
"M005","Subtraction","5.21","Work this out. Type the answer.","6","2",""
"M005","Subtraction","5.22","Work this out. Type the answer.","7","2",""
"M005","Subtraction","5.23","Work this out. Type the answer.","8","2",""
"M005","Subtraction","5.24","Work this out. Type the answer.","5","2",""
"M005","Subtraction","5.25","Work this out. Type the answer.","6","2",""
"M005","Subtraction","5.26","Work this out. Type the answer.","7","2",""
"M005","Subtraction","5.27","Work this out. Type the answer.","8","2",""
"M005","Subtraction","5.28","Work this out. Type the answer.","5","2",""
"M005","Subtraction","5.29","Work this out. Type the answer.","6","2",""
"M005","Subtraction","5.30","Work this out. Type the answer.","7","2",""
"M005","Subtraction","5.31","Work this out. Type the answer.","8","2",""
"M005","Subtraction","5.32","Work this out. Type the answer.","5","2",""
"M005","Subtraction","5.33","Work this out. Type the answer.","6","2",""
"M005","Subtraction","5.34","Work this out. Type the answer.","7","2",""
"M005","Subtraction","5.35","Work this out. Type the answer.","8","2",""
"M005","Subtraction","5.36","Work this out. Type the answer.","5","2",""
"M005","Subtraction","5.37","Work this out. Type the answer.","6","2",""
"M005","Subtraction","5.38","Work this out. Type the answer.","7","3",""
"M005","Subtraction","5.39","Work this out. Type the answer.","8","3",""
"M005","Subtraction","5.40","Work this out. Type the answer.","5","3",""
"M005","Subtraction","5.41","Work this out. Type the answer.","6","3",""
"M005","Subtraction","5.42","Work this out. Type the answer.","7","3",""
"M005","Subtraction","5.43","Work this out. Type the answer.","8","3",""
"M005","Subtraction","5.44","Work this out. Type the answer.","7","3",""
"M005","Subtraction","5.45","Work this out. Type the answer.","7","3",""
"M005","Subtraction","5.46","Work this out. Type the answer.","7","3",""
"M005","Subtraction","5.47","Work this out. Type the answer.","7","3",""
"M005","Subtraction","5.48","Work this out. Type the answer.","7","3",""
"M005","Subtraction","5.49","Work this out. Type the answer.","9","3",""
"M005","Subtraction","5.50","Work this out. Type the answer.","9","3",""
"M006","Multiplication","6.1","Read this. Then answer the three questions below.","3,4,12","2",""
"M006","Multiplication","6.2","Read this. Then answer the three questions below.","2,5,10","2",""
"M006","Multiplication","6.3","Read this. Then answer the three questions below.","4,3,12","2",""
"M006","Multiplication","6.4","Read this. Then answer the three questions below.","5,2,10","2",""
"M006","Multiplication","6.5","Read this. Then answer the three questions below.","3,6,18","2",""
"M006","Multiplication","6.6","Read this. Then answer the three questions below.","4,5,20","2",""
"M006","Multiplication","6.7","Read this. Then answer the three questions below.","2,7,14","2",""
"M006","Multiplication","6.8","Read this. Then answer the three questions below.","6,3,18","2",""
"M006","Multiplication","6.9","Read this. Then answer the three questions below.","5,4,20","2",""
"M006","Multiplication","6.10","Read this. Then answer the three questions below.","3,8,24","2",""
"M006","Multiplication","6.11","Read this. Then answer the three questions below.","4,6,24","2",""
"M006","Multiplication","6.12","Read this. Then answer the three questions below.","7,2,14","2",""
"M006","Multiplication","6.13","Read this. Then answer the three questions below.","5,4,20","2",""
"M006","Multiplication","6.14","Read this. Then answer the three questions below.","6,10,60","3",""
"M006","Multiplication","6.15","Read this. Then answer the three questions below.","3,5,15","3",""
"M006","Multiplication","6.16","Read this. Then answer the three questions below.","4,9,36","3",""
"M006","Multiplication","6.17","Read this. Then answer the three questions below.","8,3,24","3",""
"M006","Multiplication","6.18","Read this. Then answer the three questions below.","2,9,18","3",""
"M006","Multiplication","6.19","Read this. Then answer the three questions below.","2,4,8","3",""
"M006","Multiplication","6.20","Read this. Then answer the three questions below.","4,2,8","3",""
"M006","Multiplication","6.21","Read this. Then answer the three questions below.","3,3,9","3",""
"M006","Multiplication","6.22","Read this. Then answer the three questions below.","2,6,12","3",""
"M006","Multiplication","6.23","Read this. Then answer the three questions below.","6,2,12","3",""
"M006","Multiplication","6.24","Read this. Then answer the three questions below.","4,4,16","3",""
"M006","Multiplication","6.25","Read this. Then answer the three questions below.","2,8,16","3",""
"M006","Multiplication","6.26","Read this. Then answer the three questions below.","3,7,21","3",""
"M006","Multiplication","6.27","Read this. Then answer the three questions below.","7,3,21","3",""
"M006","Multiplication","6.28","Read this. Then answer the three questions below.","5,5,25","3",""
"M006","Multiplication","6.29","Read this. Then answer the three questions below.","9,3,27","3",""
"M006","Multiplication","6.30","Read this. Then answer the three questions below.","3,9,27","3",""
"M006","Multiplication","6.31","Read this. Then answer the three questions below.","6,4,24","3",""
"M006","Multiplication","6.32","Read this. Then answer the three questions below.","5,6,30","3",""
"M006","Multiplication","6.33","Read this. Then answer the three questions below.","6,5,30","3",""
"M006","Multiplication","6.34","Read this. Then answer the three questions below.","7,4,28","3",""
"M006","Multiplication","6.35","Read this. Then answer the three questions below.","4,7,28","3",""
"M006","Multiplication","6.36","Read this. Then answer the three questions below.","8,4,32","3",""
"M006","Multiplication","6.37","Read this. Then answer the three questions below.","4,8,32","3",""
"M006","Multiplication","6.38","Read this. Then answer the three questions below.","7,5,35","4",""
"M006","Multiplication","6.39","Read this. Then answer the three questions below.","5,7,35","4",""
"M006","Multiplication","6.40","Read this. Then answer the three questions below.","9,4,36","4",""
"M006","Multiplication","6.41","Read this. Then answer the three questions below.","8,5,40","4",""
"M006","Multiplication","6.42","Read this. Then answer the three questions below.","5,8,40","4",""
"M006","Multiplication","6.43","Read this. Then answer the three questions below.","9,5,45","4",""
"M006","Multiplication","6.44","Read this. Then answer the three questions below.","6,7,42","4",""
"M006","Multiplication","6.45","Read this. Then answer the three questions below.","7,6,42","4",""
"M006","Multiplication","6.46","Read this. Then answer the three questions below.","8,6,48","4",""
"M006","Multiplication","6.47","Read this. Then answer the three questions below.","6,9,54","4",""
"M006","Multiplication","6.48","Read this. Then answer the three questions below.","9,6,54","4",""
"M006","Multiplication","6.49","Read this. Then answer the three questions below.","7,8,56","4",""
"M006","Multiplication","6.50","Read this. Then answer the three questions below.","8,9,72","4",""
"M007","Decomposition / Division Intro","7.1","This number can be split in different ways. Write it two different ways using hundreds, tens, and ones.","123","2",""
"M007","Decomposition / Division Intro","7.2","This number can be split in different ways. Write it two different ways using hundreds, tens, and ones.","234","2",""
"M007","Decomposition / Division Intro","7.3","This number can be split in different ways. Write it two different ways using hundreds, tens, and ones.","345","2",""
"M007","Decomposition / Division Intro","7.4","This number can be split in different ways. Write it two different ways using hundreds, tens, and ones.","456","2",""
"M007","Decomposition / Division Intro","7.5","This number can be split in different ways. Write it two different ways using hundreds, tens, and ones.","567","2",""
"M007","Decomposition / Division Intro","7.6","This number can be split in different ways. Write it two different ways using hundreds, tens, and ones.","678","2",""
"M007","Decomposition / Division Intro","7.7","This number can be split in different ways. Write it two different ways using hundreds, tens, and ones.","789","2",""
"M007","Decomposition / Division Intro","7.8","This number can be split in different ways. Write it two different ways using hundreds, tens, and ones.","135","2",""
"M007","Decomposition / Division Intro","7.9","This number can be split in different ways. Write it two different ways using hundreds, tens, and ones.","246","2",""
"M007","Decomposition / Division Intro","7.10","This number can be split in different ways. Write it two different ways using hundreds, tens, and ones.","357","2",""
"M007","Decomposition / Division Intro","7.11","This number can be split in different ways. Write it two different ways using hundreds, tens, and ones.","468","2",""
"M007","Decomposition / Division Intro","7.12","This number can be split in different ways. Write it two different ways using hundreds, tens, and ones.","579","2",""
"M007","Decomposition / Division Intro","7.13","This number can be split in different ways. Write it two different ways using hundreds, tens, and ones.","124","2",""
"M007","Decomposition / Division Intro","7.14","This number can be split in different ways. Write it two different ways using hundreds, tens, and ones.","235","2",""
"M007","Decomposition / Division Intro","7.15","This number can be split in different ways. Write it two different ways using hundreds, tens, and ones.","346","2",""
"M007","Decomposition / Division Intro","7.16","This number can be split in different ways. Write it two different ways using hundreds, tens, and ones.","457","2",""
"M007","Decomposition / Division Intro","7.17","This number can be split in different ways. Write it two different ways using hundreds, tens, and ones.","568","2",""
"M007","Decomposition / Division Intro","7.18","This number can be split in different ways. Write it two different ways using hundreds, tens, and ones.","132","2",""
"M007","Decomposition / Division Intro","7.19","This number can be split in different ways. Write it two different ways using hundreds, tens, and ones.","243","2",""
"M007","Decomposition / Division Intro","7.20","This number can be split in different ways. Write it two different ways using hundreds, tens, and ones.","354","2",""
"M007","Decomposition / Division Intro","7.21","This number can be split in different ways. Write it two different ways using hundreds, tens, and ones.","465","2",""
"M007","Decomposition / Division Intro","7.22","This number can be split in different ways. Write it two different ways using hundreds, tens, and ones.","576","2",""
"M007","Decomposition / Division Intro","7.23","This number can be split in different ways. Write it two different ways using hundreds, tens, and ones.","143","2",""
"M007","Decomposition / Division Intro","7.24","This number can be split in different ways. Write it two different ways using hundreds, tens, and ones.","254","2",""
"M007","Decomposition / Division Intro","7.25","This number can be split in different ways. Write it two different ways using hundreds, tens, and ones.","365","2",""
"M007","Decomposition / Division Intro","7.26","This number can be split in different ways. Write it two different ways using hundreds, tens, and ones.","476","3",""
"M007","Decomposition / Division Intro","7.27","This number can be split in different ways. Write it two different ways using hundreds, tens, and ones.","152","3",""
"M007","Decomposition / Division Intro","7.28","This number can be split in different ways. Write it two different ways using hundreds, tens, and ones.","263","3",""
"M007","Decomposition / Division Intro","7.29","This number can be split in different ways. Write it two different ways using hundreds, tens, and ones.","374","3",""
"M007","Decomposition / Division Intro","7.30","This number can be split in different ways. Write it two different ways using hundreds, tens, and ones.","485","3",""
"M007","Decomposition / Division Intro","7.31","This number can be split in different ways. Write it two different ways using hundreds, tens, and ones.","161","3",""
"M007","Decomposition / Division Intro","7.32","This number can be split in different ways. Write it two different ways using hundreds, tens, and ones.","272","3",""
"M007","Decomposition / Division Intro","7.33","This number can be split in different ways. Write it two different ways using hundreds, tens, and ones.","383","3",""
"M007","Decomposition / Division Intro","7.34","This number can be split in different ways. Write it two different ways using hundreds, tens, and ones.","494","3",""
"M007","Decomposition / Division Intro","7.35","This number can be split in different ways. Write it two different ways using hundreds, tens, and ones.","174","3",""
"M007","Decomposition / Division Intro","7.36","This number can be split in different ways. Write it two different ways using hundreds, tens, and ones.","285","3",""
"M007","Decomposition / Division Intro","7.37","This number can be split in different ways. Write it two different ways using hundreds, tens, and ones.","396","3",""
"M007","Decomposition / Division Intro","7.38","This number can be split in different ways. Write it two different ways using hundreds, tens, and ones.","183","3",""
"M007","Decomposition / Division Intro","7.39","This number can be split in different ways. Write it two different ways using hundreds, tens, and ones.","294","3",""
"M007","Decomposition / Division Intro","7.40","This number can be split in different ways. Write it two different ways using hundreds, tens, and ones.","192","3",""
"M007","Decomposition / Division Intro","7.41","This number can be split in different ways. Write it two different ways using hundreds, tens, and ones.","213","3",""
"M007","Decomposition / Division Intro","7.42","This number can be split in different ways. Write it two different ways using hundreds, tens, and ones.","324","3",""
"M007","Decomposition / Division Intro","7.43","This number can be split in different ways. Write it two different ways using hundreds, tens, and ones.","435","3",""
"M007","Decomposition / Division Intro","7.44","This number can be split in different ways. Write it two different ways using hundreds, tens, and ones.","546","3",""
"M007","Decomposition / Division Intro","7.45","This number can be split in different ways. Write it two different ways using hundreds, tens, and ones.","657","3",""
"M007","Decomposition / Division Intro","7.46","This number can be split in different ways. Write it two different ways using hundreds, tens, and ones.","768","3",""
"M007","Decomposition / Division Intro","7.47","This number can be split in different ways. Write it two different ways using hundreds, tens, and ones.","879","3",""
"M007","Decomposition / Division Intro","7.48","This number can be split in different ways. Write it two different ways using hundreds, tens, and ones.","147","3",""
"M007","Decomposition / Division Intro","7.49","This number can be split in different ways. Write it two different ways using hundreds, tens, and ones.","258","3",""
"M007","Decomposition / Division Intro","7.50","This number can be split in different ways. Write it two different ways using hundreds, tens, and ones.","369","3",""
"M008","Fractions","8.1","How many equal parts is the whole cut into? How many parts are selected?","2,1","3",""
"M008","Fractions","8.2","How many equal parts is the whole cut into? How many parts are selected?","3,1","3",""
"M008","Fractions","8.3","How many equal parts is the whole cut into? How many parts are selected?","4,1","3",""
"M008","Fractions","8.4","How many equal parts is the whole cut into? How many parts are selected?","5,1","3",""
"M008","Fractions","8.5","How many equal parts is the whole cut into? How many parts are selected?","6,1","3",""
"M008","Fractions","8.6","How many equal parts is the whole cut into? How many parts are selected?","7,1","3",""
"M008","Fractions","8.7","How many equal parts is the whole cut into? How many parts are selected?","8,1","3",""
"M008","Fractions","8.8","How many equal parts is the whole cut into? How many parts are selected?","3,2","3",""
"M008","Fractions","8.9","How many equal parts is the whole cut into? How many parts are selected?","5,2","3",""
"M008","Fractions","8.10","How many equal parts is the whole cut into? How many parts are selected?","7,2","3",""
"M008","Fractions","8.11","How many equal parts is the whole cut into? How many parts are selected?","4,3","3",""
"M008","Fractions","8.12","How many equal parts is the whole cut into? How many parts are selected?","5,3","3",""
"M008","Fractions","8.13","How many equal parts is the whole cut into? How many parts are selected?","7,3","3",""
"M008","Fractions","8.14","How many equal parts is the whole cut into? How many parts are selected?","8,3","3",""
"M008","Fractions","8.15","How many equal parts is the whole cut into? How many parts are selected?","5,4","3",""
"M008","Fractions","8.16","How many equal parts is the whole cut into? How many parts are selected?","7,4","3",""
"M008","Fractions","8.17","How many equal parts is the whole cut into? How many parts are selected?","6,5","3",""
"M008","Fractions","8.18","How many equal parts is the whole cut into? How many parts are selected?","7,5","3",""
"M008","Fractions","8.19","How many equal parts is the whole cut into? How many parts are selected?","8,5","3",""
"M008","Fractions","8.20","How many equal parts is the whole cut into? How many parts are selected?","7,6","3",""
"M008","Fractions","8.21","How many equal parts is the whole cut into? How many parts are selected?","8,6","3",""
"M008","Fractions","8.22","How many equal parts is the whole cut into? How many parts are selected?","8,7","3",""
"M008","Fractions","8.23","How many equal parts is the whole cut into? How many parts are selected?","8,2","3",""
"M008","Fractions","8.24","How many equal parts is the whole cut into? How many parts are selected?","6,3","3",""
"M008","Fractions","8.25","How many equal parts is the whole cut into? How many parts are selected?","6,4","3",""
"M008","Fractions","8.26","How many equal parts is the whole cut into? How many parts are selected?","6,5","4",""
"M008","Fractions","8.27","How many equal parts is the whole cut into? How many parts are selected?","2,1","4",""
"M008","Fractions","8.28","How many equal parts is the whole cut into? How many parts are selected?","4,2","4",""
"M008","Fractions","8.29","How many equal parts is the whole cut into? How many parts are selected?","6,3","4",""
"M008","Fractions","8.30","How many equal parts is the whole cut into? How many parts are selected?","8,4","4",""
"M008","Fractions","8.31","How many equal parts is the whole cut into? How many parts are selected?","3,1","4",""
"M008","Fractions","8.32","How many equal parts is the whole cut into? How many parts are selected?","6,2","4",""
"M008","Fractions","8.33","How many equal parts is the whole cut into? How many parts are selected?","4,1","4",""
"M008","Fractions","8.34","How many equal parts is the whole cut into? How many parts are selected?","8,3","4",""
"M008","Fractions","8.35","How many equal parts is the whole cut into? How many parts are selected?","5,2","4",""
"M008","Fractions","8.36","How many equal parts is the whole cut into? How many parts are selected?","7,4","4",""
"M008","Fractions","8.37","How many equal parts is the whole cut into? How many parts are selected?","6,1","4",""
"M008","Fractions","8.38","How many equal parts is the whole cut into? How many parts are selected?","8,5","4",""
"M008","Fractions","8.39","How many equal parts is the whole cut into? How many parts are selected?","8,2","4",""
"M008","Fractions","8.40","How many equal parts is the whole cut into? How many parts are selected?","5,3","4",""
"M008","Fractions","8.41","How many equal parts is the whole cut into? How many parts are selected?","5,4","4",""
"M008","Fractions","8.42","How many equal parts is the whole cut into? How many parts are selected?","7,6","4",""
"M008","Fractions","8.43","How many equal parts is the whole cut into? How many parts are selected?","7,1","4",""
"M008","Fractions","8.44","How many equal parts is the whole cut into? How many parts are selected?","3,2","4",""
"M008","Fractions","8.45","How many equal parts is the whole cut into? How many parts are selected?","4,3","4",""
"M008","Fractions","8.46","How many equal parts is the whole cut into? How many parts are selected?","5,4","4",""
"M008","Fractions","8.47","How many equal parts is the whole cut into? How many parts are selected?","6,5","4",""
"M008","Fractions","8.48","How many equal parts is the whole cut into? How many parts are selected?","7,6","4",""
"M008","Fractions","8.49","How many equal parts is the whole cut into? How many parts are selected?","8,7","4",""
"M008","Fractions","8.50","How many equal parts is the whole cut into? How many parts are selected?","8,1","4",""
"M009","Ratio and Proportion","9.1","Solve this ratio problem.","2:3","3",""
"M009","Ratio and Proportion","9.2","Solve this ratio problem.","9","3",""
"M009","Ratio and Proportion","9.3","Solve this ratio problem.","21","3",""
"M009","Ratio and Proportion","9.4","Solve this ratio problem.","2:3","3",""
"M009","Ratio and Proportion","9.5","Solve this ratio problem.","12","3",""
"M009","Ratio and Proportion","9.6","Solve this ratio problem.","20","3",""
"M009","Ratio and Proportion","9.7","Solve this ratio problem.","2:3","3",""
"M009","Ratio and Proportion","9.8","Solve this ratio problem.","15","3",""
"M009","Ratio and Proportion","9.9","Solve this ratio problem.","30","3",""
"M009","Ratio and Proportion","9.10","Solve this ratio problem.","3:4","3",""
"M009","Ratio and Proportion","9.11","Solve this ratio problem.","10","3",""
"M009","Ratio and Proportion","9.12","Solve this ratio problem.","27","3",""
"M009","Ratio and Proportion","9.13","Solve this ratio problem.","3:4","3",""
"M009","Ratio and Proportion","9.14","Solve this ratio problem.","20","4",""
"M009","Ratio and Proportion","9.15","Solve this ratio problem.","32","4",""
"M009","Ratio and Proportion","9.16","Solve this ratio problem.","3:4","4",""
"M009","Ratio and Proportion","9.17","Solve this ratio problem.","12","4",""
"M009","Ratio and Proportion","9.18","Solve this ratio problem.","42","4",""
"M009","Ratio and Proportion","9.19","Solve this ratio problem.","4:5","4",""
"M009","Ratio and Proportion","9.20","Solve this ratio problem.","21","4",""
"M009","Ratio and Proportion","9.21","Solve this ratio problem.","32","4",""
"M009","Ratio and Proportion","9.22","Solve this ratio problem.","2:3","4",""
"M009","Ratio and Proportion","9.23","Solve this ratio problem.","21","4",""
"M009","Ratio and Proportion","9.24","Solve this ratio problem.","33","4",""
"M009","Ratio and Proportion","9.25","Solve this ratio problem.","3:4","4",""
"M009","Ratio and Proportion","9.26","Solve this ratio problem.","14","4",""
"M009","Ratio and Proportion","9.27","Solve this ratio problem.","42","4",""
"M009","Ratio and Proportion","9.28","Solve this ratio problem.","3:4","4",""
"M009","Ratio and Proportion","9.29","Solve this ratio problem.","16","4",""
"M009","Ratio and Proportion","9.30","Solve this ratio problem.","45","4",""
"M009","Ratio and Proportion","9.31","Solve this ratio problem.","2:3","4",""
"M009","Ratio and Proportion","9.32","Solve this ratio problem.","27","4",""
"M009","Ratio and Proportion","9.33","Solve this ratio problem.","56","4",""
"M009","Ratio and Proportion","9.34","Solve this ratio problem.","3:4","4",""
"M009","Ratio and Proportion","9.35","Solve this ratio problem.","24","4",""
"M009","Ratio and Proportion","9.36","Solve this ratio problem.","48","4",""
"M009","Ratio and Proportion","9.37","Solve this ratio problem.","5:6","4",""
"M009","Ratio and Proportion","9.38","Solve this ratio problem.","18","5",""
"M009","Ratio and Proportion","9.39","Solve this ratio problem.","45","5",""
"M009","Ratio and Proportion","9.40","Solve this ratio problem.","4:5","5",""
"M009","Ratio and Proportion","9.41","Solve this ratio problem.","18","5",""
"M009","Ratio and Proportion","9.42","Solve this ratio problem.","20","5",""
"M009","Ratio and Proportion","9.43","Solve this ratio problem.","42","5",""
"M009","Ratio and Proportion","9.44","Solve this ratio problem.","5:6","5",""
"M009","Ratio and Proportion","9.45","Solve this ratio problem.","18","5",""
"M009","Ratio and Proportion","9.46","Solve this ratio problem.","72","5",""
"M009","Ratio and Proportion","9.47","Solve this ratio problem.","5:6","5",""
"M009","Ratio and Proportion","9.48","Solve this ratio problem.","33","5",""
"M009","Ratio and Proportion","9.49","Solve this ratio problem.","52","5",""
"M009","Ratio and Proportion","9.50","Solve this ratio problem.","3:4","5",""
"M010","Negative Numbers / BODMAS","10.1","Evaluate this expression. Be careful about the order of operations.","11","3",""
"M010","Negative Numbers / BODMAS","10.2","Evaluate this expression. Be careful about the order of operations.","4","3",""
"M010","Negative Numbers / BODMAS","10.3","Evaluate this expression. Be careful about the order of operations.","5","3",""
"M010","Negative Numbers / BODMAS","10.4","Evaluate this expression. Be careful about the order of operations.","-2","3",""
"M010","Negative Numbers / BODMAS","10.5","Evaluate this expression. Be careful about the order of operations.","-8","3",""
"M010","Negative Numbers / BODMAS","10.6","Evaluate this expression. Be careful about the order of operations.","-3","3",""
"M010","Negative Numbers / BODMAS","10.7","Evaluate this expression. Be careful about the order of operations.","11","3",""
"M010","Negative Numbers / BODMAS","10.8","Evaluate this expression. Be careful about the order of operations.","16","3",""
"M010","Negative Numbers / BODMAS","10.9","Evaluate this expression. Be careful about the order of operations.","-9","3",""
"M010","Negative Numbers / BODMAS","10.10","Evaluate this expression. Be careful about the order of operations.","1","3",""
"M010","Negative Numbers / BODMAS","10.11","Evaluate this expression. Be careful about the order of operations.","8","3",""
"M010","Negative Numbers / BODMAS","10.12","Evaluate this expression. Be careful about the order of operations.","3","3",""
"M010","Negative Numbers / BODMAS","10.13","Evaluate this expression. Be careful about the order of operations.","8","3",""
"M010","Negative Numbers / BODMAS","10.14","Evaluate this expression. Be careful about the order of operations.","12","3",""
"M010","Negative Numbers / BODMAS","10.15","Evaluate this expression. Be careful about the order of operations.","4","3",""
"M010","Negative Numbers / BODMAS","10.16","Evaluate this expression. Be careful about the order of operations.","12","3",""
"M010","Negative Numbers / BODMAS","10.17","Evaluate this expression. Be careful about the order of operations.","16","3",""
"M010","Negative Numbers / BODMAS","10.18","Evaluate this expression. Be careful about the order of operations.","-5","3",""
"M010","Negative Numbers / BODMAS","10.19","Evaluate this expression. Be careful about the order of operations.","16","3",""
"M010","Negative Numbers / BODMAS","10.20","Evaluate this expression. Be careful about the order of operations.","-15","3",""
"M010","Negative Numbers / BODMAS","10.21","Evaluate this expression. Be careful about the order of operations.","22","3",""
"M010","Negative Numbers / BODMAS","10.22","Evaluate this expression. Be careful about the order of operations.","-9","3",""
"M010","Negative Numbers / BODMAS","10.23","Evaluate this expression. Be careful about the order of operations.","3","3",""
"M010","Negative Numbers / BODMAS","10.24","Evaluate this expression. Be careful about the order of operations.","1","3",""
"M010","Negative Numbers / BODMAS","10.25","Evaluate this expression. Be careful about the order of operations.","-4","3",""
"M010","Negative Numbers / BODMAS","10.26","Evaluate this expression. Be careful about the order of operations.","12","4",""
"M010","Negative Numbers / BODMAS","10.27","Evaluate this expression. Be careful about the order of operations.","-8","4",""
"M010","Negative Numbers / BODMAS","10.28","Evaluate this expression. Be careful about the order of operations.","-2","4",""
"M010","Negative Numbers / BODMAS","10.29","Evaluate this expression. Be careful about the order of operations.","-2","4",""
"M010","Negative Numbers / BODMAS","10.30","Evaluate this expression. Be careful about the order of operations.","-4","4",""
"M010","Negative Numbers / BODMAS","10.31","Evaluate this expression. Be careful about the order of operations.","2","4",""
"M010","Negative Numbers / BODMAS","10.32","Evaluate this expression. Be careful about the order of operations.","27","4",""
"M010","Negative Numbers / BODMAS","10.33","Evaluate this expression. Be careful about the order of operations.","9","4",""
"M010","Negative Numbers / BODMAS","10.34","Evaluate this expression. Be careful about the order of operations.","8","4",""
"M010","Negative Numbers / BODMAS","10.35","Evaluate this expression. Be careful about the order of operations.","1","4",""
"M010","Negative Numbers / BODMAS","10.36","Evaluate this expression. Be careful about the order of operations.","2","4",""
"M010","Negative Numbers / BODMAS","10.37","Evaluate this expression. Be careful about the order of operations.","3","4",""
"M010","Negative Numbers / BODMAS","10.38","Evaluate this expression. Be careful about the order of operations.","-10","4",""
"M010","Negative Numbers / BODMAS","10.39","Evaluate this expression. Be careful about the order of operations.","2","4",""
"M010","Negative Numbers / BODMAS","10.40","Evaluate this expression. Be careful about the order of operations.","-1","4",""
"M010","Negative Numbers / BODMAS","10.41","Evaluate this expression. Be careful about the order of operations.","13","4",""
"M010","Negative Numbers / BODMAS","10.42","Evaluate this expression. Be careful about the order of operations.","15","4",""
"M010","Negative Numbers / BODMAS","10.43","Evaluate this expression. Be careful about the order of operations.","-1","4",""
"M010","Negative Numbers / BODMAS","10.44","Evaluate this expression. Be careful about the order of operations.","6","4",""
"M010","Negative Numbers / BODMAS","10.45","Evaluate this expression. Be careful about the order of operations.","5","4",""
"M010","Negative Numbers / BODMAS","10.46","Evaluate this expression. Be careful about the order of operations.","7","4",""
"M010","Negative Numbers / BODMAS","10.47","Evaluate this expression. Be careful about the order of operations.","3","4",""
"M010","Negative Numbers / BODMAS","10.48","Evaluate this expression. Be careful about the order of operations.","4","4",""
"M010","Negative Numbers / BODMAS","10.49","Evaluate this expression. Be careful about the order of operations.","-6","4",""
"M010","Negative Numbers / BODMAS","10.50","Evaluate this expression. Be careful about the order of operations.","5","4",""
"M011","Algebra — Patterns and Variables","11.1","Simplify this expression.","5x + 5","3",""
"M011","Algebra — Patterns and Variables","11.2","Simplify this expression.","3x + 3","3",""
"M011","Algebra — Patterns and Variables","11.3","Simplify this expression.","3x + 7","3",""
"M011","Algebra — Patterns and Variables","11.4","Simplify this expression.","3x + 1","3",""
"M011","Algebra — Patterns and Variables","11.5","Simplify this expression.","3x + 3","3",""
"M011","Algebra — Patterns and Variables","11.6","Simplify this expression.","4x - 3","3",""
"M011","Algebra — Patterns and Variables","11.7","Simplify this expression.","2x + 7","3",""
"M011","Algebra — Patterns and Variables","11.8","Simplify this expression.","2x + 2","3",""
"M011","Algebra — Patterns and Variables","11.9","Evaluate this expression.","11","3",""
"M011","Algebra — Patterns and Variables","11.10","Evaluate this expression.","2","3",""
"M011","Algebra — Patterns and Variables","11.11","Evaluate this expression.","4","3",""
"M011","Algebra — Patterns and Variables","11.12","Evaluate this expression.","1","3",""
"M011","Algebra — Patterns and Variables","11.13","Evaluate this expression.","-7","3",""
"M011","Algebra — Patterns and Variables","11.14","Simplify this expression.","5x - 1","4",""
"M011","Algebra — Patterns and Variables","11.15","Simplify this expression.","3x + 2","4",""
"M011","Algebra — Patterns and Variables","11.16","Simplify this expression.","6x","4",""
"M011","Algebra — Patterns and Variables","11.17","Simplify this expression.","5x + 4","4",""
"M011","Algebra — Patterns and Variables","11.18","Evaluate this expression.","14","4",""
"M011","Algebra — Patterns and Variables","11.19","Evaluate this expression.","1","4",""
"M011","Algebra — Patterns and Variables","11.20","Evaluate this expression.","2","4",""
"M011","Algebra — Patterns and Variables","11.21","Simplify this expression.","2x + 3","4",""
"M011","Algebra — Patterns and Variables","11.22","Simplify this expression.","x + 3","4",""
"M011","Algebra — Patterns and Variables","11.23","Simplify this expression.","8x - 4","4",""
"M011","Algebra — Patterns and Variables","11.24","Evaluate this expression.","1","4",""
"M011","Algebra — Patterns and Variables","11.25","Simplify this expression.","3x - 5","4",""
"M011","Algebra — Patterns and Variables","11.26","Simplify this expression.","7x - 3","4",""
"M011","Algebra — Patterns and Variables","11.27","Evaluate this expression.","7","4",""
"M011","Algebra — Patterns and Variables","11.28","Simplify this expression.","5x - 3","4",""
"M011","Algebra — Patterns and Variables","11.29","Evaluate this expression.","2","4",""
"M011","Algebra — Patterns and Variables","11.30","Simplify this expression.","4x","4",""
"M011","Algebra — Patterns and Variables","11.31","Evaluate this expression.","-1","4",""
"M011","Algebra — Patterns and Variables","11.32","Simplify this expression.","6x + 4","4",""
"M011","Algebra — Patterns and Variables","11.33","Evaluate this expression.","2","4",""
"M011","Algebra — Patterns and Variables","11.34","Simplify this expression.","x - 2","4",""
"M011","Algebra — Patterns and Variables","11.35","Evaluate this expression.","8","4",""
"M011","Algebra — Patterns and Variables","11.36","Simplify this expression.","2x + 6","4",""
"M011","Algebra — Patterns and Variables","11.37","Evaluate this expression.","11","4",""
"M011","Algebra — Patterns and Variables","11.38","Simplify this expression.","x + 8","5",""
"M011","Algebra — Patterns and Variables","11.39","Evaluate this expression.","-2","5",""
"M011","Algebra — Patterns and Variables","11.40","Simplify this expression.","3x + 4","5",""
"M011","Algebra — Patterns and Variables","11.41","Evaluate this expression.","-10","5",""
"M011","Algebra — Patterns and Variables","11.42","Simplify this expression.","5x - 2","5",""
"M011","Algebra — Patterns and Variables","11.43","Evaluate this expression.","11","5",""
"M011","Algebra — Patterns and Variables","11.44","Simplify this expression.","2x + 2","5",""
"M011","Algebra — Patterns and Variables","11.45","Evaluate this expression.","9","5",""
"M011","Algebra — Patterns and Variables","11.46","Simplify this expression.","6x - 1","5",""
"M011","Algebra — Patterns and Variables","11.47","Evaluate this expression.","-2","5",""
"M011","Algebra — Patterns and Variables","11.48","Simplify this expression.","2x + 2","5",""
"M011","Algebra — Patterns and Variables","11.49","Evaluate this expression.","16","5",""
"M011","Algebra — Patterns and Variables","11.50","Evaluate this expression.","-10","5",""
"M012","Linear Equations","12.1","Solve this equation. Show your working step by step.","x = 4","4",""
"M012","Linear Equations","12.2","Solve this equation. Show your working step by step.","x = 5","4",""
"M012","Linear Equations","12.3","Solve this equation. Show your working step by step.","x = 3","4",""
"M012","Linear Equations","12.4","Solve this equation. Show your working step by step.","x = 3","4",""
"M012","Linear Equations","12.5","Solve this equation. Show your working step by step.","x = 5","4",""
"M012","Linear Equations","12.6","Solve this equation. Show your working step by step.","x = 3","4",""
"M012","Linear Equations","12.7","Solve this equation. Show your working step by step.","x = 5","4",""
"M012","Linear Equations","12.8","Solve this equation. Show your working step by step.","x = 2","4",""
"M012","Linear Equations","12.9","Solve this equation. Show your working step by step.","x = 7","4",""
"M012","Linear Equations","12.10","Solve this equation. Show your working step by step.","x = 6","4",""
"M012","Linear Equations","12.11","Solve this equation. Show your working step by step.","x = 5","4",""
"M012","Linear Equations","12.12","Solve this equation. Show your working step by step.","x = 3","4",""
"M012","Linear Equations","12.13","Solve this equation. Show your working step by step.","x = 8","4",""
"M012","Linear Equations","12.14","Solve this equation. Show your working step by step.","x = 4","4",""
"M012","Linear Equations","12.15","Solve this equation. Show your working step by step.","x = 4","4",""
"M012","Linear Equations","12.16","Solve this equation. Show your working step by step.","x = 5","4",""
"M012","Linear Equations","12.17","Solve this equation. Show your working step by step.","x = 7","4",""
"M012","Linear Equations","12.18","Solve this equation. Show your working step by step.","x = 7","4",""
"M012","Linear Equations","12.19","Solve this equation. Show your working step by step.","x = 6","4",""
"M012","Linear Equations","12.20","Solve this equation. Show your working step by step.","x = 4","4",""
"M012","Linear Equations","12.21","Solve this equation. Show your working step by step.","x = 4","4",""
"M012","Linear Equations","12.22","Solve this equation. Show your working step by step.","x = 5","4",""
"M012","Linear Equations","12.23","Solve this equation. Show your working step by step.","x = 3","4",""
"M012","Linear Equations","12.24","Solve this equation. Show your working step by step.","x = 5","4",""
"M012","Linear Equations","12.25","Solve this equation. Show your working step by step.","x = 7","4",""
"M012","Linear Equations","12.26","Solve this equation. Show your working step by step.","x = 5","4",""
"M012","Linear Equations","12.27","Solve this equation. Show your working step by step.","x = 4","4",""
"M012","Linear Equations","12.28","Solve this equation. Show your working step by step.","x = 5","4",""
"M012","Linear Equations","12.29","Solve this equation. Show your working step by step.","x = 7","4",""
"M012","Linear Equations","12.30","Solve this equation. Show your working step by step.","x = 4","4",""
"M012","Linear Equations","12.31","Solve this equation. Show your working step by step.","x = 6","4",""
"M012","Linear Equations","12.32","Solve this equation. Show your working step by step.","x = 4","4",""
"M012","Linear Equations","12.33","Solve this equation. Show your working step by step.","x = 7","4",""
"M012","Linear Equations","12.34","Solve this equation. Show your working step by step.","x = 4","4",""
"M012","Linear Equations","12.35","Solve this equation. Show your working step by step.","x = 5","4",""
"M012","Linear Equations","12.36","Solve this equation. Show your working step by step.","x = 6","4",""
"M012","Linear Equations","12.37","Solve this equation. Show your working step by step.","x = 4","4",""
"M012","Linear Equations","12.38","Solve this equation. Show your working step by step.","x = 7","4",""
"M012","Linear Equations","12.39","Solve this equation. Show your working step by step.","x = 4","4",""
"M012","Linear Equations","12.40","Solve this equation. Show your working step by step.","x = 5","4",""
"M012","Linear Equations","12.41","Solve this equation. Show your working step by step.","x = 6","4",""
"M012","Linear Equations","12.42","Solve this equation. Show your working step by step.","x = 4","4",""
"M012","Linear Equations","12.43","Solve this equation. Show your working step by step.","x = 7","4",""
"M012","Linear Equations","12.44","Solve this equation. Show your working step by step.","x = 4","4",""
"M012","Linear Equations","12.45","Solve this equation. Show your working step by step.","x = 5","4",""
"M012","Linear Equations","12.46","Solve this equation. Show your working step by step.","x = 5","4",""
"M012","Linear Equations","12.47","Solve this equation. Show your working step by step.","x = 3","4",""
"M012","Linear Equations","12.48","Solve this equation. Show your working step by step.","x = 4","4",""
"M012","Linear Equations","12.49","Solve this equation. Show your working step by step.","x = 4","4",""
"M012","Linear Equations","12.50","Solve this equation. Show your working step by step.","x = 4","4",""
"M013","Geometry / Quadratics","13.1","Factorise this quadratic. Write it as two brackets.","(x + 2)(x + 3)","4",""
"M013","Geometry / Quadratics","13.2","Factorise this quadratic. Write it as two brackets.","(x + 3)(x + 4)","4",""
"M013","Geometry / Quadratics","13.3","Factorise this quadratic. Write it as two brackets.","(x - 2)(x - 3)","4",""
"M013","Geometry / Quadratics","13.4","Factorise this quadratic. Write it as two brackets.","(x + 3)(x - 2)","4",""
"M013","Geometry / Quadratics","13.5","Factorise this quadratic. Write it as two brackets.","(x - 3)(x + 2)","4",""
"M013","Geometry / Quadratics","13.6","Factorise this quadratic. Write it as two brackets.","(x + 3)(x + 5)","4",""
"M013","Geometry / Quadratics","13.7","Factorise this quadratic. Write it as two brackets.","(x - 3)(x - 5)","4",""
"M013","Geometry / Quadratics","13.8","Factorise this quadratic. Write it as two brackets.","(x + 4)(x - 2)","4",""
"M013","Geometry / Quadratics","13.9","Factorise this quadratic. Write it as two brackets.","(x - 4)(x + 2)","4",""
"M013","Geometry / Quadratics","13.10","Factorise this quadratic. Write it as two brackets.","(x + 2)(x + 4)","4",""
"M013","Geometry / Quadratics","13.11","Factorise this quadratic. Write it as two brackets.","(x - 2)(x - 4)","4",""
"M013","Geometry / Quadratics","13.12","Factorise this quadratic. Write it as two brackets.","(x + 4)(x - 1)","4",""
"M013","Geometry / Quadratics","13.13","Factorise this quadratic. Write it as two brackets.","(x - 4)(x + 1)","4",""
"M013","Geometry / Quadratics","13.14","Factorise this quadratic. Write it as two brackets.","(x + 4)(x + 5)","4",""
"M013","Geometry / Quadratics","13.15","Factorise this quadratic. Write it as two brackets.","(x - 4)(x - 5)","4",""
"M013","Geometry / Quadratics","13.16","Factorise this quadratic. Write it as two brackets.","(x + 6)(x - 2)","4",""
"M013","Geometry / Quadratics","13.17","Factorise this quadratic. Write it as two brackets.","(x - 6)(x + 2)","4",""
"M013","Geometry / Quadratics","13.18","Factorise this quadratic. Write it as two brackets.","(x + 2)(x + 2)","4",""
"M013","Geometry / Quadratics","13.19","Factorise this quadratic. Write it as two brackets.","(x - 2)(x - 2)","4",""
"M013","Geometry / Quadratics","13.20","Factorise this quadratic. Write it as two brackets.","(x + 3)(x + 7)","4",""
"M013","Geometry / Quadratics","13.21","Factorise this quadratic. Write it as two brackets.","(x - 3)(x - 7)","4",""
"M013","Geometry / Quadratics","13.22","Factorise this quadratic. Write it as two brackets.","(x + 5)(x - 3)","5",""
"M013","Geometry / Quadratics","13.23","Factorise this quadratic. Write it as two brackets.","(x - 5)(x + 3)","5",""
"M013","Geometry / Quadratics","13.24","Factorise this quadratic. Write it as two brackets.","(x + 2)(x + 5)","5",""
"M013","Geometry / Quadratics","13.25","Factorise this quadratic. Write it as two brackets.","(x - 2)(x - 5)","5",""
"M013","Geometry / Quadratics","13.26","Factorise this quadratic. Write it as two brackets.","(x + 5)(x - 2)","5",""
"M013","Geometry / Quadratics","13.27","Factorise this quadratic. Write it as two brackets.","(x - 5)(x + 2)","5",""
"M013","Geometry / Quadratics","13.28","Factorise this quadratic. Write it as two brackets.","(x + 4)(x + 7)","5",""
"M013","Geometry / Quadratics","13.29","Factorise this quadratic. Write it as two brackets.","(x - 4)(x - 7)","5",""
"M013","Geometry / Quadratics","13.30","Factorise this quadratic. Write it as two brackets.","(x + 8)(x - 2)","5",""
"M013","Geometry / Quadratics","13.31","Factorise this quadratic. Write it as two brackets.","(x - 8)(x + 2)","5",""
"M013","Geometry / Quadratics","13.32","Factorise this quadratic. Write it as two brackets.","(x + 7)(x - 2)","5",""
"M013","Geometry / Quadratics","13.33","Factorise this quadratic. Write it as two brackets.","(x - 7)(x + 2)","5",""
"M013","Geometry / Quadratics","13.34","Factorise this quadratic. Write it as two brackets.","(x + 2)(x + 6)","5",""
"M013","Geometry / Quadratics","13.35","Factorise this quadratic. Write it as two brackets.","(x - 2)(x - 6)","5",""
"M013","Geometry / Quadratics","13.36","Factorise this quadratic. Write it as two brackets.","(x + 5)(x - 1)","5",""
"M013","Geometry / Quadratics","13.37","Factorise this quadratic. Write it as two brackets.","(x - 5)(x + 1)","5",""
"M013","Geometry / Quadratics","13.38","Factorise this quadratic. Write it as two brackets.","(x + 3)(x + 6)","5",""
"M013","Geometry / Quadratics","13.39","Factorise this quadratic. Write it as two brackets.","(x - 3)(x - 6)","5",""
"M013","Geometry / Quadratics","13.40","Factorise this quadratic. Write it as two brackets.","(x + 8)(x - 3)","5",""
"M013","Geometry / Quadratics","13.41","Factorise this quadratic. Write it as two brackets.","(x - 8)(x + 3)","5",""
"M013","Geometry / Quadratics","13.42","Factorise this quadratic. Write it as two brackets.","(x + 3)(x + 3)","5",""
"M014","Statistics / Functions","14.1","State the y-intercept, x-intercept and gradient of this function.","y-int: 3, x-int: -3, gradient: 1","4",""
"M014","Statistics / Functions","14.2","State the y-intercept, x-intercept and gradient of this function.","y-int: -4, x-int: 2, gradient: 2","4",""
"M014","Statistics / Functions","14.3","State the y-intercept, x-intercept and gradient of this function.","y-int: -5, x-int: 5, gradient: 1","4",""
"M014","Statistics / Functions","14.4","State the y-intercept, x-intercept and gradient of this function.","y-int: 6, x-int: -2, gradient: 3","4",""
"M014","Statistics / Functions","14.5","State the y-intercept, x-intercept and gradient of this function.","y-int: 4, x-int: 4, gradient: -1","4",""
"M014","Statistics / Functions","14.6","State the y-intercept, x-intercept and gradient of this function.","y-int: 6, x-int: -3, gradient: 2","4",""
"M014","Statistics / Functions","14.7","State the y-intercept, x-intercept and gradient of this function.","y-int: 8, x-int: 4, gradient: -2","4",""
"M014","Statistics / Functions","14.8","State the y-intercept, x-intercept and gradient of this function.","y-int: 7, x-int: -7, gradient: 1","4",""
"M014","Statistics / Functions","14.9","State the y-intercept, x-intercept and gradient of this function.","y-int: -8, x-int: 2, gradient: 4","4",""
"M014","Statistics / Functions","14.10","State the y-intercept, x-intercept and gradient of this function.","y-int: -3, x-int: -3, gradient: -1","4",""
"M014","Statistics / Functions","14.11","State the y-intercept, x-intercept and gradient of this function.","y-int: -9, x-int: 3, gradient: 3","4",""
"M014","Statistics / Functions","14.12","State the y-intercept, x-intercept and gradient of this function.","y-int: 4, x-int: -2, gradient: 2","4",""
"M014","Statistics / Functions","14.13","State the y-intercept, x-intercept and gradient of this function.","y-int: 9, x-int: 3, gradient: -3","4",""
"M014","Statistics / Functions","14.14","State the y-intercept, x-intercept and gradient of this function.","y-int: -2, x-int: 2, gradient: 1","4",""
"M014","Statistics / Functions","14.15","State the y-intercept, x-intercept and gradient of this function.","y-int: -10, x-int: 2, gradient: 5","4",""
"M014","Statistics / Functions","14.16","State the y-intercept, x-intercept and gradient of this function.","y-int: 6, x-int: 3, gradient: -2","4",""
"M014","Statistics / Functions","14.17","State the y-intercept, x-intercept and gradient of this function.","y-int: 8, x-int: -2, gradient: 4","4",""
"M014","Statistics / Functions","14.18","State the y-intercept, x-intercept and gradient of this function.","y-int: 6, x-int: 6, gradient: -1","4",""
"M014","Statistics / Functions","14.19","State the y-intercept, x-intercept and gradient of this function.","y-int: 3, x-int: -1, gradient: 3","4",""
"M014","Statistics / Functions","14.20","State the y-intercept, x-intercept and gradient of this function.","y-int: -8, x-int: 4, gradient: 2","5",""
"M014","Statistics / Functions","14.21","State the y-intercept, x-intercept and gradient of this function.","y-int: 8, x-int: 2, gradient: -4","5",""
"M014","Statistics / Functions","14.22","State the y-intercept, x-intercept and gradient of this function.","y-int: 5, x-int: -5, gradient: 1","5",""
"M014","Statistics / Functions","14.23","State the y-intercept, x-intercept and gradient of this function.","y-int: -12, x-int: 2, gradient: 6","5",""
"M014","Statistics / Functions","14.24","State the y-intercept, x-intercept and gradient of this function.","y-int: 6, x-int: 2, gradient: -3","5",""
"M014","Statistics / Functions","14.25","State the y-intercept, x-intercept and gradient of this function.","y-int: 5, x-int: -1, gradient: 5","5",""
"M014","Statistics / Functions","14.26","State the y-intercept, x-intercept and gradient of this function.","y-int: -2, x-int: 1, gradient: 2","5",""
"M014","Statistics / Functions","14.27","State the y-intercept, x-intercept and gradient of this function.","y-int: 8, x-int: 8, gradient: -1","5",""
"M014","Statistics / Functions","14.28","State the y-intercept, x-intercept and gradient of this function.","y-int: -6, x-int: 2, gradient: 3","5",""
"M014","Statistics / Functions","14.29","State the y-intercept, x-intercept and gradient of this function.","y-int: -4, x-int: 1, gradient: 4","5",""
"M014","Statistics / Functions","14.30","State the y-intercept, x-intercept and gradient of this function.","y-int: 4, x-int: 2, gradient: -2","5",""
"M014","Statistics / Functions","14.31","State the y-intercept, x-intercept and gradient of this function.","y-int: -4, x-int: 4, gradient: 1","5",""
"M014","Statistics / Functions","14.32","State the y-intercept, x-intercept and gradient of this function.","y-int: -6, x-int: 1, gradient: 6","5",""
"M014","Statistics / Functions","14.33","State the y-intercept, x-intercept and gradient of this function.","y-int: 10, x-int: 2, gradient: -5","5",""
"M014","Statistics / Functions","14.34","State the y-intercept, x-intercept and gradient of this function.","y-int: 10, x-int: -5, gradient: 2","5",""
"M014","Statistics / Functions","14.35","State the y-intercept, x-intercept and gradient of this function.","y-int: -3, x-int: 1, gradient: 3","5",""
"M014","Statistics / Functions","14.36","State the y-intercept, x-intercept and gradient of this function.","y-int: 12, x-int: 3, gradient: -4","5",""
"M014","Statistics / Functions","14.37","State the y-intercept, x-intercept and gradient of this function.","y-int: -5, x-int: 1, gradient: 5","5",""
"M014","Statistics / Functions","14.38","State the y-intercept, x-intercept and gradient of this function.","y-int: -6, x-int: 3, gradient: 2","5",""
"M015","Logarithms","15.1","Evaluate this logarithm or exponential expression.","3","4",""
"M015","Logarithms","15.2","Evaluate this logarithm or exponential expression.","2","4",""
"M015","Logarithms","15.3","Evaluate this logarithm or exponential expression.","8","4",""
"M015","Logarithms","15.4","Evaluate this logarithm or exponential expression.","4","4",""
"M015","Logarithms","15.5","Evaluate this logarithm or exponential expression.","9","4",""
"M015","Logarithms","15.6","Evaluate this logarithm or exponential expression.","2","4",""
"M015","Logarithms","15.7","Evaluate this logarithm or exponential expression.","25","4",""
"M015","Logarithms","15.8","Evaluate this logarithm or exponential expression.","5","4",""
"M015","Logarithms","15.9","Evaluate this logarithm or exponential expression.","32","4",""
"M015","Logarithms","15.10","Evaluate this logarithm or exponential expression.","3","4",""
"M015","Logarithms","15.11","Evaluate this logarithm or exponential expression.","27","4",""
"M015","Logarithms","15.12","Evaluate this logarithm or exponential expression.","2","4",""
"M015","Logarithms","15.13","Evaluate this logarithm or exponential expression.","16","4",""
"M015","Logarithms","15.14","Evaluate this logarithm or exponential expression.","6","4",""
"M015","Logarithms","15.15","Evaluate this logarithm or exponential expression.","64","5",""
"M015","Logarithms","15.16","Evaluate this logarithm or exponential expression.","3","5",""
"M015","Logarithms","15.17","Evaluate this logarithm or exponential expression.","125","5",""
"M015","Logarithms","15.18","Evaluate this logarithm or exponential expression.","4","5",""
"M015","Logarithms","15.19","Evaluate this logarithm or exponential expression.","81","5",""
"M015","Logarithms","15.20","Evaluate this logarithm or exponential expression.","2","5",""
"M015","Logarithms","15.21","Evaluate this logarithm or exponential expression.","4","5",""
"M015","Logarithms","15.22","Evaluate this logarithm or exponential expression.","3","5",""
"M015","Logarithms","15.23","Evaluate this logarithm or exponential expression.","64","5",""
"M015","Logarithms","15.24","Evaluate this logarithm or exponential expression.","2","5",""
"M015","Logarithms","15.25","Evaluate this logarithm or exponential expression.","36","5",""
"M015","Logarithms","15.26","Evaluate this logarithm or exponential expression.","7","5",""
"M015","Logarithms","15.27","Evaluate this logarithm or exponential expression.","128","5",""
"M015","Logarithms","15.28","Evaluate this logarithm or exponential expression.","1","5",""
"M016","Trigonometry","16.1","Calculate the trig ratios for this right-angled triangle.","sin=3/5, cos=4/5, tan=3/4","5",""
"M016","Trigonometry","16.2","Calculate the trig ratios for this right-angled triangle.","sin=4/5, cos=3/5, tan=4/3","5",""
"M016","Trigonometry","16.3","Calculate the trig ratios for this right-angled triangle.","sin=5/13, cos=12/13, tan=5/12","5",""
"M016","Trigonometry","16.4","Calculate the trig ratios for this right-angled triangle.","sin=12/13, cos=5/13, tan=12/5","5",""
"M016","Trigonometry","16.5","Calculate the trig ratios for this right-angled triangle.","sin=8/17, cos=15/17, tan=8/15","5",""
"M016","Trigonometry","16.6","Calculate the trig ratios for this right-angled triangle.","sin=15/17, cos=8/17, tan=15/8","5",""
"M016","Trigonometry","16.7","Calculate the trig ratios for this right-angled triangle.","sin=7/25, cos=24/25, tan=7/24","5",""
"M016","Trigonometry","16.8","Calculate the trig ratios for this right-angled triangle.","sin=24/25, cos=7/25, tan=24/7","5",""
"M016","Trigonometry","16.9","Calculate the trig ratios for this right-angled triangle.","sin=6/10, cos=8/10, tan=6/8","5",""
"M016","Trigonometry","16.10","Calculate the trig ratios for this right-angled triangle.","sin=8/10, cos=6/10, tan=8/6","5",""
"M016","Trigonometry","16.11","Calculate the trig ratios for this right-angled triangle.","sin=9/15, cos=12/15, tan=9/12","5",""
"M016","Trigonometry","16.12","Calculate the trig ratios for this right-angled triangle.","sin=12/15, cos=9/15, tan=12/9","5",""
"M016","Trigonometry","16.13","Calculate the trig ratios for this right-angled triangle.","sin=5/13, cos=12/13, tan=5/12","5",""
"M016","Trigonometry","16.14","Calculate the trig ratios for this right-angled triangle.","sin=12/13, cos=5/13, tan=12/5","5",""
"M016","Trigonometry","16.15","Calculate the trig ratios for this right-angled triangle.","sin=3/5, cos=4/5, tan=3/4","5",""
"M016","Trigonometry","16.16","Calculate the trig ratios for this right-angled triangle.","sin=4/5, cos=3/5, tan=4/3","5",""
"M016","Trigonometry","16.17","Calculate the trig ratios for this right-angled triangle.","sin=8/17, cos=15/17, tan=8/15","5",""
"M016","Trigonometry","16.18","Calculate the trig ratios for this right-angled triangle.","sin=15/17, cos=8/17, tan=15/8","5",""
"M016","Trigonometry","16.19","Calculate the trig ratios for this right-angled triangle.","sin=7/25, cos=24/25, tan=7/24","5",""
"M016","Trigonometry","16.20","Calculate the trig ratios for this right-angled triangle.","sin=24/25, cos=7/25, tan=24/7","5",""
"M017","Calculus","17.1","Differentiate this function using the power rule.","f'(x) = 2x","5",""
"M017","Calculus","17.2","Differentiate this function using the power rule.","f'(x) = 3x²","5",""
"M017","Calculus","17.3","Differentiate this function using the power rule.","f'(x) = 4x³","5",""
"M017","Calculus","17.4","Differentiate this function using the power rule.","f'(x) = 5x⁴","5",""
"M017","Calculus","17.5","Differentiate this function using the power rule.","f'(x) = 4x","5",""
"M017","Calculus","17.6","Differentiate this function using the power rule.","f'(x) = 6x","5",""
"M017","Calculus","17.7","Differentiate this function using the power rule.","f'(x) = 12x²","5",""
"M017","Calculus","17.8","Differentiate this function using the power rule.","f'(x) = 15x²","5",""
"M017","Calculus","17.9","Differentiate this function using the power rule.","f'(x) = 6x²","5",""
"M017","Calculus","17.10","Differentiate this function using the power rule.","f'(x) = 9x²","5",""
"M017","Calculus","17.11","Differentiate this function using the power rule.","f'(x) = 2x + 1","5",""
"M017","Calculus","17.12","Differentiate this function using the power rule.","f'(x) = 2x + 2","5",""
"M017","Calculus","17.13","Differentiate this function using the power rule.","f'(x) = 2x","5",""
"M017","Calculus","17.14","Differentiate this function using the power rule.","f'(x) = 4x","5",""
"M017","Calculus","17.15","Differentiate this function using the power rule.","f'(x) = 6x","5",""
"M017","Calculus","17.16","Differentiate this function using the power rule.","f'(x) = 3x² + 1","5",""
"M017","Calculus","17.17","Differentiate this function using the power rule.","f'(x) = 3x² + 2","5",""
"M017","Calculus","17.18","Differentiate this function using the power rule.","f'(x) = 3x² + 2x","5",""
"M017","Calculus","17.19","Differentiate this function using the power rule.","f'(x) = 6x² + 1","5",""
"M017","Calculus","17.20","Differentiate this function using the power rule.","f'(x) = 6x + 2","5",""
"M017","Calculus","17.21","Differentiate this function using the power rule.","f'(x) = 8x + 3","5",""
"M017","Calculus","17.22","Differentiate this function using the power rule.","f'(x) = 4x³ + 1","5",""
"M017","Calculus","17.23","Differentiate this function using the power rule.","f'(x) = 3x² + 2x + 1","5",""
"M017","Calculus","17.24","Differentiate this function using the power rule.","f'(x) = 10x","5",""
"M017","Calculus","17.25","Differentiate this function using the power rule.","f'(x) = 18x²","5",""
"M017","Calculus","17.26","Differentiate this function using the power rule.","f'(x) = 14x","5",""
"M017","Calculus","17.27","Differentiate this function using the power rule.","f'(x) = 24x²","5",""
"M017","Calculus","17.28","Differentiate this function using the power rule.","f'(x) = 18x","5",""
"M017","Calculus","17.29","Differentiate this function using the power rule.","f'(x) = 30x²","5",""
"M017","Calculus","17.30","Differentiate this function using the power rule.","f'(x) = 8x³","5",""
"M017","Calculus","17.31","Differentiate this function using the power rule.","f'(x) = 12x³","5",""
"M017","Calculus","17.32","Differentiate this function using the power rule.","f'(x) = 16x³","5",""
"M017","Calculus","17.33","Differentiate this function using the power rule.","f'(x) = 2x + 1","5",""
"M017","Calculus","17.34","Differentiate this function using the power rule.","f'(x) = 4x + 2","5",""
"M017","Calculus","17.35","Differentiate this function using the power rule.","f'(x) = 9x² + 4x","5",""
"M017","Calculus","17.36","Differentiate this function using the power rule.","f'(x) = 3x² - 1","5",""
"M017","Calculus","17.37","Differentiate this function using the power rule.","f'(x) = 2x","5",""
"M017","Calculus","17.38","Differentiate this function using the power rule.","f'(x) = 4x - 1","5",""
"M017","Calculus","17.39","Differentiate this function using the power rule.","f'(x) = 3x² - 2x","5",""
"M017","Calculus","17.40","Differentiate this function using the power rule.","f'(x) = 6x","5",""
"M017","Calculus","17.41","Differentiate this function using the power rule.","f'(x) = 12x² - 1","5",""
"M017","Calculus","17.42","Differentiate this function using the power rule.","f'(x) = 10x - 3","5",""
"M017","Calculus","17.43","Differentiate this function using the power rule.","f'(x) = 4x³ - 2x","5",""
"M017","Calculus","17.44","Differentiate this function using the power rule.","f'(x) = 12x + 1","5",""
"M017","Calculus","17.45","Differentiate this function using the power rule.","f'(x) = 21x² - 2","5",""
"M017","Calculus","17.46","Differentiate this function using the power rule.","f'(x) = 2x","5",""
"M017","Calculus","17.47","Differentiate this function using the power rule.","f'(x) = 9x²","5",""
"M017","Calculus","17.48","Differentiate this function using the power rule.","f'(x) = 8x³ - 1","5",""
"M017","Calculus","17.49","Differentiate this function using the power rule.","f'(x) = 8x","5",""
"M017","Calculus","17.50","Differentiate this function using the power rule.","f'(x) = 15x²","5",""
"M018","Advanced Problem Solving","18.1","Read this problem carefully. Plan your solution step by step, then give your final answer.","34","5",""
"M018","Advanced Problem Solving","18.2","Read this problem carefully. Plan your solution step by step, then give your final answer.","652","5",""
"M018","Advanced Problem Solving","18.3","Read this problem carefully. Plan your solution step by step, then give your final answer.","40","5",""
"M018","Advanced Problem Solving","18.4","Read this problem carefully. Plan your solution step by step, then give your final answer.","30","5",""
"M018","Advanced Problem Solving","18.5","Read this problem carefully. Plan your solution step by step, then give your final answer.","54","5",""
"M018","Advanced Problem Solving","18.6","Read this problem carefully. Plan your solution step by step, then give your final answer.","48","5",""
"M018","Advanced Problem Solving","18.7","Read this problem carefully. Plan your solution step by step, then give your final answer.","10 and 40","5",""
"M018","Advanced Problem Solving","18.8","Read this problem carefully. Plan your solution step by step, then give your final answer.","21.6","5",""
"M018","Advanced Problem Solving","18.9","Read this problem carefully. Plan your solution step by step, then give your final answer.","750","5",""
"M018","Advanced Problem Solving","18.10","Read this problem carefully. Plan your solution step by step, then give your final answer.","144","5",""
"M018","Advanced Problem Solving","18.11","Read this problem carefully. Plan your solution step by step, then give your final answer.","17","5",""
"M018","Advanced Problem Solving","18.12","Read this problem carefully. Plan your solution step by step, then give your final answer.","1122","5",""
"M_DEC","Decimals","dec.1","Compare these two decimal numbers and write the larger one.","0.6","3",""
"M_DEC","Decimals","dec.2","Write this decimal as a fraction.","7/10","3",""
"M_DEC","Decimals","dec.3","What is the place value of the digit 4?","4 tenths","3",""
"M_DEC","Decimals","dec.4","Compare these two decimal numbers and write the larger one.","0.5","3",""
"M_DEC","Decimals","dec.5","Write this fraction as a decimal.","0.3","3",""
"M_DEC","Decimals","dec.6","Add these two decimal numbers.","3.7","3",""
"M_DEC","Decimals","dec.7","Subtract these two decimal numbers.","3.5","3",""
"M_DEC","Decimals","dec.8","Add these two decimal numbers. Line up the decimal points.","5.55","3",""
"M_DEC","Decimals","dec.9","Subtract these decimal numbers. Use a zero placeholder if needed.","2.35","3",""
"M_DEC","Decimals","dec.10","Multiply this decimal by 10.","24","3",""
"M_DEC","Decimals","dec.11","Multiply this decimal by 100.","35","4",""
"M_DEC","Decimals","dec.12","Divide this number by 100.","4.6","4",""
"M_DEC","Decimals","dec.13","Multiply this decimal by 1000.","700","4",""
"M_DEC","Decimals","dec.14","Round this decimal to the nearest whole number.","3","4",""
"M_DEC","Decimals","dec.15","Round this decimal to one decimal place.","2.7","4",""
"M_DEC","Decimals","dec.16","Round this decimal to one decimal place.","8.7","4",""
"M_DEC","Decimals","dec.17","Write these decimals in order from smallest to largest, separated by commas.","0.25, 0.3, 0.8","4",""
"M_DEC","Decimals","dec.18","Write this fraction as a decimal.","0.17","4",""
"M_DEC","Decimals","dec.19","Subtract these decimal numbers.","3.7","4",""
"M_DEC","Decimals","dec.20","Divide this number by 10.","1.26","4",""